t24data,EB.TABLE.DEFINITION,HUS.LA.DOC
t24data,EB.TABLE.DEFINITION,HUS.LA.REJ.REASON
t24data,EB.TABLE.DEFINITION,HUS.CUS.APP.LA.DOCU
t24data,ENQUIRY,HUS.LA.DOC
t24data,ENQUIRY,HUS.LA.REJECT
t24data,ENQUIRY,AA.AMEND.DOC
t24data,VERSION,"EB.HUS.CUS.APP.LA.DOCU,OFS"
t24data,VERSION,"AA.SIMULATION.CAPTURE,AA.DRILL"
t24data,VERSION,"AA.SIMULATION.CAPTURE,AA.CONTEXT"
t24data,EB.HUS.LA.DOC,AMEND.REPAYMENT.TERMS
t24data,EB.HUS.LA.DOC,INDIV.REPAY.HOUSING.COOP
t24data,EB.HUS.LA.DOC,LOSS.SHARING.WITH.MUNICIPALITY
t24data,EB.HUS.LA.DOC,TFR.OF.LOAN-DIVISION/UNDIVIDED
t24data,EB.HUS.LA.DOC,TFR.OF.LOAN-STEP1
t24data,EB.HUS.LA.DOC,TFR.OF.LOAN-STEP2
t24data,EB.HUS.LA.DOC,WRITE-DOWN.OR.WAIVER.OF.LIEN
t24data,EB.HUS.LA.REJ.REASON,AMEND.REPAYMENT.TERMS
t24data,EB.HUS.LA.REJ.REASON,INDIV.REPAY.HOUSING.COOP
t24data,EB.HUS.LA.REJ.REASON,LOSS.SHARING.WITH.MUNICIPALITY
t24data,EB.HUS.LA.REJ.REASON,TFR.OF.LOAN-DIVISION/UNDIVIDED
t24data,EB.HUS.LA.REJ.REASON,TFR.OF.LOAN-STEP1
t24data,EB.HUS.LA.REJ.REASON,WRITE-DOWN.OR.WAIVER.OF.LIEN
t24data,VERSION,"EB.HUS.DM.DELIVERY,OFS"
t24data,ENQUIRY ,AA.FIND.ARRANGEMENT.AMEND.REQ
t24data,EB.LOOKUP,LA.DOC.APP.STATUS*APPROVED
t24data,EB.LOOKUP,LA.DOC.APP.STATUS*DEADLINE.EXPIRED
t24data,EB.LOOKUP,LA.DOC.APP.STATUS*DISMISSED
t24data,EB.LOOKUP,LA.DOC.APP.STATUS*NEW
t24data,EB.LOOKUP,LA.DOC.APP.STATUS*PENDING.CUSTOMER.FEEDBACK
t24data,EB.LOOKUP,LA.DOC.APP.STATUS*PENDING.CUSTOMER.SIGNATURE
t24data,EB.LOOKUP,LA.DOC.APP.STATUS*REJECTED
t24data,EB.LOOKUP,LA.DOC.APP.STATUS*SIGNATURE.UNCONFIRMED
t24data,EB.LOOKUP,LA.DOC.APP.STATUS*UNDER.REVIEW
t24data,EB.LOOKUP,LA.DOC.APP.STATUS*WITHDRAWN.BY.CUSTOMER
t24data,EB.LOOKUP,LA.DOC.APP.STATUS*WITHDRAWN.BY.HUSBANKEN
t24data,EB.LOOKUP,LA.DOC.CHANGE.TYPE*AMEND.REPAYMENT.TERMS
t24data,EB.LOOKUP,LA.DOC.CHANGE.TYPE*INDIV.REPAY.HOUSING.COOP
t24data,EB.LOOKUP,LA.DOC.CHANGE.TYPE*LOSS.SHARING.WITH.MUNICIPALITY
t24data,EB.LOOKUP,LA.DOC.CHANGE.TYPE*TFR.OF.LOAN-DIVISION/UNDIVIDED
t24data,EB.LOOKUP,LA.DOC.CHANGE.TYPE*TFR.OF.LOAN-STEP1
t24data,EB.LOOKUP,LA.DOC.CHANGE.TYPE*TFR.OF.LOAN-STEP2
t24data,EB.LOOKUP,LA.DOC.CHANGE.TYPE*WRITE-DOWN.OR.WAIVER.OF.LIEN
t24data,EB.LOOKUP,LA.DOC.REQ*AGGREEMENT.CHANGE.CONFIRMATION
t24data,EB.LOOKUP,LA.DOC.REQ*AGGREEMENT.CHANGE.OFFER
t24data,EB.LOOKUP,LA.DOC.REQ*REJECTION.LETTER
t24data,EB.LOOKUP,LA.DOC.SIG.STATUS*NOT.RECEIVED
t24data,EB.LOOKUP,LA.DOC.SIG.STATUS*RECEIVED
t24data,EB.LOOKUP,LA.DOC.SIG.STATUS*UNCONFIRMED
t24data,EB.API,HUS.AMEND.FIELD
t24data,EB.API,HUS.AUTH.DEL.FIELD
t24data,EB.API,HUS.AUTH.SIM.FIELD
t24data,EB.API,HUS.AMEND.DOC
t24data,EB.API,HUS.AMEND.DEADLINE
t24data,ROUTINE,HusAuthAmendField
t24data,ROUTINE,HusAuthDelField
t24data,ROUTINE,HusAuthSimField
t24data,ROUTINE,HusDefAmendDoc
t24data,ROUTINE,HusDefAmendDeadline
